"Andrew Adams","1528 Smith Valley
Johnsonshire, AR 11008"
"Heidi Coffey","056 Meadows Mountain
Lauramouth, DE 68115"
"Juan Lloyd","934 Kyle Island Apt. 173
North Samantha, KS 86274"
"Kimberly Johnson","368 Pineda Pines
Richardsonport, AS 40439"
"Mike Griffith","23377 Garza Fields Suite 166
Christopherburgh, NJ 58724"
"Amy Wright","74031 Michael Court Apt. 521
New James, WY 99475"
"Monica Nelson","68595 Laura Creek Suite 840
West Chelseaborough, MH 13306"
"Daniel Parks","9646 Ryan Crescent Apt. 173
North Cindyborough, GA 95518"
"Brenda Hernandez","307 Stephens Islands Suite 504
Jillside, CA 38888"
"Jason Hunt","5290 Taylor Trafficway Suite 641
Ashleystad, TN 93116"
